function_name,new_runtime,old_runtime,ratio
setStudyAreaMask,0.0001978874206542,9.059906005859376e-05,2.18421052631472
setLocationTerrainData,0.0006537437438964,0.0005590915679931,1.1692963752665078
setClimateAndSoilWaterData,27.293936252594,44.45183086395264,0.6140115203832357
getThermalClimate,0.0896370410919189,3.535399436950684,0.0253541481494469
getThermalZone,0.041595458984375,1.7538583278656006,0.0237165444457509
getThermalLGP0,0.0219078063964843,0.0284976959228515,0.7687571113044632
getThermalLGP5,0.0228819847106933,0.025137186050415,0.9102842563523744
getThermalLGP10,0.0222766399383544,0.0273292064666748,0.8151220916537956
getTemperatureSum0,0.055812120437622,0.0747756958007812,0.7463938628711352
getTemperatureSum5,0.0799338817596435,0.0806293487548828,0.9913745180138618
getTemperatureSum10,0.0816924571990966,0.0827562808990478,0.9871451001858224
getTemperatureProfile,1.5447540283203125,46.1478796005249,0.0334739979754723
getLGP,1.6231276988983154,2.0861496925354004,0.7780494873911222
getLGPClassified,0.0012741088867187,0.000795841217041,1.600958657878938
getLGPEquivalent,0.0230128765106201,0.0362000465393066,0.6357140034511377
getMultiCroppingZones,14.220682859420776,14.693454265594482,0.9678243524206064
AirFrostIndexandPermafrostEvaluation,0.0936052799224853,0.1379017829895019,0.678782231043461
TZoneFallowRequirement,0.0332422256469726,0.0279188156127929,1.190674637062341
AEZClassification,0.4211442470550537,1.1117193698883057,0.3788224424814744
getAnnualTemperatureAmplitude,0.0185089111328125,0.9753077030181884,0.0189775094316745
getETODaily,0.0170459747314453,0.016559362411499,1.0293859333381332
getAnnualMoistureAvailabilityIndex,0.0233969688415527,0.027890920639038,0.8388740244309015
getETaDaily,0.0225601196289062,0.0385420322418212,0.5853380923807816
getNPP_I,8.604969024658203,8.726282835006714,0.9860978823810472
getNPP_R,2.7580838203430176,6.747487545013428,0.4087571561923541
getReferenceAnnualWaterDeficit,0.048560142517089844,0.041126251220703125,1.1807578146739635
